{
	"version": 1,
	"changelists": [
		{
			"guid": "00000000000000000000000000000000",
			"description": "Default Uncontrolled Changelist",
			"files": [
				"D:/Projetos/Unreal Projects/BlockBreaker 5.2/Content/BlockBreaker/Inputs/IA_Jump.uasset",
				"D:/Projetos/Unreal Projects/BlockBreaker 5.2/Content/BlockBreaker/Inputs/IA_Look.uasset",
				"D:/Projetos/Unreal Projects/BlockBreaker 5.2/Content/BlockBreaker/Inputs/IA_Move.uasset",
				"D:/Projetos/Unreal Projects/BlockBreaker 5.2/Content/BlockBreaker/Inputs/IMC_Player.uasset",
				"D:/Projetos/Unreal Projects/BlockBreaker 5.2/Content/BlockBreaker/Blueprints/BP_Player.uasset",
				"D:/Projetos/Unreal Projects/BlockBreaker 5.2/Content/BlockBreaker/Maps/TutorialMap.umap",
				"D:/Projetos/Unreal Projects/BlockBreaker 5.2/Content/BlockBreaker/Inputs/IA_Shoot.uasset",
				"D:/Projetos/Unreal Projects/BlockBreaker 5.2/Content/BlockBreaker/Maps/MainMap.umap",
				"D:/Projetos/Unreal Projects/BlockBreaker 5.2/Content/BlockBreaker/Blueprints/BP_BaseGun.uasset",
				"D:/Projetos/Unreal Projects/BlockBreaker 5.2/Content/BlockBreaker/Blueprints/GM_BlockBreaker.uasset",
				"D:/Projetos/Unreal Projects/BlockBreaker 5.2/Content/BlockBreaker/Blueprints/GM_Tutorial.uasset",
				"D:/Projetos/Unreal Projects/BlockBreaker 5.2/Content/BlockBreaker/Blueprints/BP_Rifle.uasset",
				"D:/Projetos/Unreal Projects/BlockBreaker 5.2/Content/BlockBreaker/Blueprints/BP_ShotGun.uasset",
				"D:/Projetos/Unreal Projects/BlockBreaker 5.2/Content/BlockBreaker/Blueprints/BP_Target.uasset",
				"D:/Projetos/Unreal Projects/BlockBreaker 5.2/Content/BlockBreaker/Blueprints/BP_ResetButton.uasset",
				"D:/Projetos/Unreal Projects/BlockBreaker 5.2/Content/BlockBreaker/Maps/TutorialMap_BuiltData.uasset"
			]
		}
	]
}